{
    "$schema": "https://schema.management.azure.com/schemas/2015-01-01/deploymentParameters.json#",
    "contentVersion": "1.0.0.0",
    "parameters": {
        "subscription": {
            "value": "3e38f56f-125c-475d-a0cd-28bd15772e98"
        },
        "resourceGroup": {
            "value": "rg-"
        },
        "name": {
            "value": "adf-dio-vivian"
        },
        "version": {
            "value": "V2"
        },
        "location": {
            "value": "eastus2"
        },
        "vNetEnabled": {
            "value": false
        },
        "publicNetworkAccess": {
            "value": true
        },
        "privateEndpoints": {
            "value": []
        },
        "gitConfigureLater": {
            "value": true
        },
        "tagsByResource": {
            "value": {
                "Microsoft.DataFactory/factories": {
                    "DIO": "AZURE"
                },
                "microsoft.resources/subscriptions/resourcegroups": {
                    "DIO": "AZURE"
                }
            }
        },
        "userAssignedIdentitiesStr": {
            "value": "{\"type\": \"SystemAssigned,UserAssigned\", \"userAssignedIdentities\": {\"\": {}"
        },
        "vaultBaseUrl": {
            "value": ""
        },
        "keyName": {
            "value": ""
        },
        "keyVersion": {
            "value": ""
        },
        "enableCMK": {
            "value": false
        }
    }
}